t,x,y,v,theta,omega
0,0,0,0.542611,1.20171,-0.108916
0.2,0.039151,0.101214,0.553893,1.17993,-0.15415
0.4,0.084412,0.204847,0.576829,1.14005,-0.186658
0.6,0.135493,0.310869,0.599788,1.10526,-0.163037
0.8,0.19211,0.419231,0.622496,1.07483,-0.142909
1,0.253986,0.529866,0.644727,1.0481,-0.125914
1.2,0.320854,0.642687,0.666303,1.02447,-0.111686
1.4,0.392458,0.757592,0.687082,1.00342,-0.0999081
1.6,0.468554,0.874458,0.706958,0.984505,-0.0902966
1.8,0.548915,0.99315,0.725864,0.967306,-0.0826002
2,0.633331,1.11352,0.743746,0.951465,-0.0766163
2.2,0.72161,1.23539,0.760579,0.936659,-0.0721412
2.4,0.813583,1.3586,0.776366,0.922609,-0.0689968
2.6,0.9091,1.48295,0.791119,0.909061,-0.0670731
2.8,1.00804,1.60825,0.804871,0.895779,-0.0662524
3,1.11029,1.7343,0.817675,0.88256,-0.0664135
3.2,1.21578,1.86087,0.829598,0.869214,-0.0674546
3.4,1.32447,1.98776,0.840725,0.855578,-0.0692846
3.6,1.43632,2.11476,0.851151,0.8415,-0.0718205
3.8,1.55133,2.24163,0.860986,0.82685,-0.0749786
4,1.66954,2.36816,0.870356,0.811509,-0.0786664
4.2,1.79099,2.49414,0.8794,0.795383,-0.0827747
4.4,1.91578,2.61936,0.888266,0.778399,-0.0871974
4.6,2.04399,2.74362,0.897109,0.760504,-0.0918344
4.8,2.17575,2.86671,0.906099,0.741665,-0.0965799
5,2.31123,2.98845,0.915414,0.721872,-0.101286
5.2,2.45059,3.10867,0.925229,0.701151,-0.105831
5.4,2.59402,3.2272,0.935725,0.67954,-0.110109
5.6,2.74173,3.34389,0.947086,0.657107,-0.113959
5.8,2.89396,3.4586,0.959488,0.633956,-0.117256
6,3.05095,3.57122,0.973099,0.610204,-0.11993
6.2,3.21296,3.68165,0.988084,0.585984,-0.121859
6.4,3.38025,3.78979,1.00459,0.561461,-0.122945
6.6,3.5531,3.89559,1.02273,0.536806,-0.12317
6.8,3.7318,3.999,1.04264,0.512193,-0.122509
7,3.91664,4.09999,1.0644,0.487803,-0.120955
7.2,4.1079,4.19855,1.08806,0.463811,-0.118547
7.4,4.30588,4.29469,1.11368,0.440384,-0.115326
7.6,4.51087,4.38845,1.14128,0.417681,-0.111375
7.8,4.72315,4.47987,1.17084,0.395834,-0.106797
8,4.94299,4.56903,1.20234,0.374962,-0.101677
8.2,5.17067,4.65601,1.23572,0.355163,-0.0961195
8.4,5.40643,4.74091,1.27093,0.336514,-0.0902428
8.6,5.65053,4.82387,1.30787,0.319066,-0.0841378
8.8,5.90318,4.90501,1.34644,0.302859,-0.077899
9,6.16459,4.9845,1.38652,0.287907,-0.0716376
9.2,6.43496,5.06249,1.42798,0.274204,-0.0654106
9.4,6.71444,5.13917,1.4707,0.261742,-0.0592718
9.6,7.0032,5.21472,1.51453,0.250495,-0.0532897
9.8,7.30135,5.28934,1.55932,0.240426,-0.0368709
10,7.60899,5.36324,1.58195,0.235747,-0.0233984
